{"rewards": [-88.62742384676929, -84.90484742889241], "losses": [], "epsilon": [0.995, 0.990025]}